<?xml version="1.0" encoding="UTF-8"?>
<project-private xmlns="http://www.netbeans.org/ns/project-private/1">
    <editor-bookmarks xmlns="http://www.netbeans.org/ns/editor-bookmarks/2" lastBookmarkId="0"/>
    <open-files xmlns="http://www.netbeans.org/ns/projectui-open-files/2">
        <group>
            <file>file:/E:/LOST.DIR/Segundo%20Año/dsoo/tpObjetos/src/tpobjetos/TpObjetos.java</file>
            <file>file:/E:/LOST.DIR/Segundo%20Año/dsoo/tpObjetos/src/tpobjetos/Consola.java</file>
            <file>file:/E:/LOST.DIR/Segundo%20Año/dsoo/tpObjetos/src/tpobjetos/Menu.java</file>
            <file>file:/E:/LOST.DIR/Segundo%20Año/dsoo/tpObjetos/src/tpobjetos/Persona.java</file>
        </group>
    </open-files>
</project-private>
